{"mean": [22.705661106491217, 0.1146153846153846, 1.0330308988764045, 0.17252884455527845, 18.391277194435933, 0.4451638333251821, 1.7976207903359904, 0.9156959945224239, 12.655976915928987, 172.60002005184134, 181.69452486917396, 175.2132361715655, 0.5166014834352227, 1055.8295104416295, 0.09663299970405914], "scale": [2.9701846470691056, 0.005780091052999873, 0.4075845459894511, 0.034921313493518256, 22.919241653698368, 0.17631519986758115, 2.732340064249469, 0.23505217533236344, 11.167343423409063, 103.56851317341254, 104.09594930203835, 119.11585052224625, 0.28071332115362563, 16838.483649059137, 0.10362473212627861]}